{
  "Accuracy": 0.9583333333333334,
  "Precision": 0.9698275862068966,
  "Recall": 0.9761388286334056,
  "F1": 0.972972972972973,
  "Confusion_Matrix": [
    [
      250,
      28
    ],
    [
      22,
      900
    ]
  ]
}