Model,Accuracy,Precision,Recall,F1,MAE,RMSE,R2
LogisticRegression,0.675,0.6567164179104478,0.7333333333333333,0.6929133858267716,,,
RandomForestClassifier,0.6666666666666666,0.6428571428571429,0.75,0.6923076923076923,,,
BestRandomForestClassifier,0.675,0.647887323943662,0.7666666666666667,0.7022900763358778,,,
LinearRegression,,,,,5.92522673366232,54.64975667506863,0.40644007569017226
RandomForestRegressor,,,,,6.422667971298111,60.3410972946131,0.3446254965797151
BestRandomForestRegressor,,,,,6.332040376261564,59.6639963235397,0.3519796007073879
