{
  "MAE": 2.256286517167306,
  "RMSE": 2.8477045943893877,
  "R2": 0.9721620238335469
}